6000,
M3MK1,
620,
650,
651,
RAP-5,
RAP-5WN-US,
RAP-5WN,
RAP-5-US,
3400-US,
RAP-3WNP-US,
RAP-3WN-US,
RAP-3WNP,
RAP-3WN,
JW285A,
S1500-12P,
7010-US,
3EM17860ECCK,
RAP-155,
3EM17860ECCG,
JW282A,
R98KJ,
TMXPM,
94G4D,
RAP-155P-US,
RAP-155-US,
RAP-155P,
7030-US,
JW687A,
7205-US,
7005-US,
3EM17860ECAS,
7005-RW,
JW634A,
RAP-2WG-US,
RAP-2WG,
AP-205H,
7240,
7210-US,
7240-US,
JW784A,
M3MK1-S,
620-US,
650-US,
JW297A,
RAP-109-US,
JW273A,
AP-105,
RAP-109,
JW242A,
IAP-105-US,
JW679A,
JW298A,
JY680A,
JZ088A,
Q9X64A,
JL261A,
JW801A,
AP-135,
JW186A,
JZ033A,
JZ321A,
JX945A,
RAP-109-JP,
IAP-215-USF1,
5JXKJ,
JL070A,
JL071A,
JW174A,
J9778A,
JW797A,
J9775A,
J9777A,
JW231A,